'col1','col2','col3','col4'
0,7.8,7.2,7
90,0.25,0.3333333333333,0
80,0.125,0.3333333,0
0,0,0,50