'col1','col2','col3','col4'
0,7.8,7.2,7
90,0.25,0.33333333,-1.0
380,1.325,1.233333333,0
50,0,0,1.0